X1,X2,X3,y
-2.0308870447920366,15.921759656142816,-10.61396901099747,10.806518419690901
7.199156910932195,3.5540630629471375,-9.173352969273065,11.660971868892135
3.6436053995471096,7.058665018096785,-4.0468005391907145,5.445406771913657
5.333549052188599,9.360898182464936,-10.164459636445022,11.478805913204647
5.606731193325457,10.09541112562933,4.033428414308656,6.90680674751807
1.5124263368266875,5.168926994953054,-4.785194016930574,5.018517231612855
1.9191726270491993,0.9350856999517704,7.352294712526,7.5986486372415385
-0.22701886019433334,18.44736473393447,7.879515265587612,7.882784938301447
-0.06712879556829016,12.421856227047941,7.8622329880083255,7.862519560097817
9.109662150072277,3.7536611595360654,-7.610537546384404,11.870392842420431
5.031620100233002,7.497329138893445,-2.826821971533007,5.7713190253018
6.096563773339469,8.538647936916137,-0.8132742005642015,6.150569466943571
11.649890028613429,18.779351469664636,5.838257485106645,13.030931975157817
12.197816731905352,6.150134254199261,4.189405177943734,12.897203137507447
-8.869695855908207,19.89502378177966,2.3223784151871985,9.16869380444361
4.433282850955671,17.394155512127995,-3.4557750993930827,5.621065590629851
6.056008944284965,12.287293744888174,-0.9421262076005604,6.128853573410553
7.563611775056185,5.418479352409513,11.236118277304591,13.544688147954787
-0.7164460992700262,4.086548078726828,7.9119162587656575,7.944288130404107
-1.0795554460787982,18.488946834079158,-10.84272599246427,10.896336398479017
11.836451683575236,11.34354441652128,5.354380211982664,12.991188394911473
-8.184444355004834,5.030956824589345,3.7354748354831475,8.996605006706604
0.434618960936663,10.457318230202137,-4.78329741108506,4.80300195337236
3.4993314108408757,4.798726082785315,-10.75517605978785,11.310134057557908
11.11212000119909,5.7737251538931895,6.9901391236964106,13.12788086058371
-9.445851578915597,3.173795994318967,-1.767041322921023,9.609711082431811
3.7746406703880147,12.259601558338055,-3.963575918448376,5.473376129214141
0.05628320467348308,9.568352296474607,14.133072516508946,14.133184586498148
1.1737883389639263,3.831342730800327,7.610983589670931,7.700964242672985
0.34445347882546534,0.0017687215478028318,7.8022626396133825,7.809862386532925
11.541217645982545,17.941253321784988,6.096200130643867,13.052331622541667
6.036628165220534,18.343978103528794,3.010921806634034,6.745852780101133
12.6046722000024,13.813018158439462,1.1750888956571761,12.659328385906186
-7.8561529999534185,13.596236550580834,-6.355406399628773,10.104965633940546
10.922750352364831,12.60558015109676,-5.248764417997583,12.118415869069834
0.25444555973209676,2.2386261028240666,7.817304225214584,7.8214441053059485
12.117851216406184,0.16040480611336827,4.483712527746181,12.920758342079806
-8.721696716349994,15.612600603494432,2.6862456901775777,9.126001836510218
1.3374789051587068,7.639337540704576,-4.801260222687107,4.984069576932287
-9.411624744500354,7.818179088790251,-2.1106425314529424,9.645387095750458
5.08570253374746,15.919412462519528,4.879370325053358,7.047880889372113
6.1921353199983376,7.031913809353458,-0.4592998974256062,6.209146174551384
4.315546941036627,14.527023996634679,-10.53470394188062,11.384372294657517
5.838709031260865,11.742619769452682,3.5404669969679063,6.828281607282035
5.310974150418566,3.602891999952113,-2.453700278447278,5.8503924212711125
-9.057873308721893,16.076518639512663,-3.797679388245329,9.82178383048415
3.398409375280089,19.01280137641027,6.545438757971601,7.375090156489507
-4.844984189772375,19.644120152118035,6.939499247728406,8.463481648137922
4.824896097585719,14.940197000918086,-3.0666772716440645,5.717003746799208
-0.6541056934250096,3.4590204735835246,-10.916145153059576,10.93572490788046
-3.004744028740138,20.618591359300684,-10.28115188760705,10.711235727697133
2.4314822207516036,19.09921159550839,-10.947359366537645,11.214133176039539
-2.013764962965325,10.393943094670549,7.850916873592613,8.105069097924332
-2.7035947554977207,18.38518653446187,7.731298343889841,8.190384526027369
5.307414014656024,3.196626565844564,-2.458874862075442,5.849334074090288
1.9729257164980563,11.788915110163776,-10.997516008529193,11.173083470585693
6.328971536863602,9.19390361065099,1.6275418323014814,6.534888914918209
3.378632068810453,1.133879483929118,-10.782278483154377,11.299233776884531
5.377793708265812,7.332769720130053,4.439097874523385,6.973252835532452
-6.399686526461482,11.681361606823632,-8.105282327182668,10.327225631325788
7.70023217516625,0.15621494188752805,-8.826080201717275,11.712952970050345
11.157776120978546,0.6147782213023786,-4.82897994632237,12.157919858588585
-2.16853366897043,15.999187212117622,-10.573192712015208,10.793282281070475
0.9313735240715143,16.062214967714688,-11.040519106475642,11.079734598887967
10.094731179818028,18.15159201708522,-6.4801880737027036,11.995684018152073
-5.474874994132302,3.2629936635735666,-8.89371071988987,10.443770706524496
-6.171168858885325,8.576287394394281,6.059194075888847,8.648535016646607
3.048162316120765,2.6886501638787594,6.7774201267690035,7.431333465815693
0.5976101496408821,19.911820088775947,7.754068188594159,7.777063158051483
5.26086521146319,10.355285121483515,-2.5254450711876735,5.8356298358249
4.919640667914581,15.60273024528573,-10.328269264108073,11.440105344502669
-9.035970938285239,17.533500521890574,1.848117584677658,9.223031464997298
-5.620326331348776,18.317949001985394,6.4687740038454855,8.569311826726786
12.349463892925266,7.326409761368172,-1.526180509174068,12.44341132444185
0.980681732763579,10.496760344237643,14.033172450524928,14.067397260586196
10.612160731936923,12.587259720178128,7.856069912264849,13.203627905498436
6.534059442840979,5.399559536123401,11.970286466176296,13.637510435739463
1.5203496412122433,19.380916902395878,-4.784316908452082,5.020074831318223
5.764730284396215,4.056666985250739,3.709157751296088,6.85492279138392
3.6936097368830074,3.683343531349242,-4.015666565414708,5.456036185087716
11.203955857379063,20.822670651708815,6.812810283777048,13.112704176364115
6.2953697546310075,12.852188369076002,1.9032059640994656,6.576767693123016
3.888907705561487,13.585402743694528,-10.658115746924642,11.345441129247401
6.008506750671662,4.139901289033739,3.0951744188448975,6.758865145565399
6.076572822754721,14.333230685427612,-0.8780429802613585,6.13968213716537
-9.4196601813161,15.75904106530199,-2.0402170108736186,9.638074671993891
-1.295581794541876,0.8958662422897744,7.910924276062234,8.016311813292889
5.680792316955223,6.096989289507118,-1.8370072948054135,5.97042688168491
6.223270954040417,14.470051364314275,-0.32150160790835003,6.231569998908042
3.5631679150387745,2.5919448097310838,6.425915333797689,7.347690349211651
1.0280858160569295,6.014707054627284,-4.814229382610365,4.922780209756111
10.10130706550751,3.0718301990710657,-6.471598785263526,11.996582649617194
-9.420346152477661,18.47000783271859,-2.0339823343367183,9.637427341821805
6.237211806454433,1.9733600243487859,-9.739138767249967,11.565190661909806
8.482049043338804,2.4115372537656437,-8.200267602105582,11.79786187068433
3.6243410451901825,14.674578196019757,-4.058592895117949,5.441325601372533
-6.807856794844006,5.3263526749882395,5.490625651990862,8.746078217658688
5.528841838552092,20.646111824942295,-2.1116019016355336,5.918357429786991
4.325718439204192,0.7095333211721986,-3.550056553404517,5.595957607741638
-9.434127850274827,15.172008659585599,-0.0924879207853397,9.434581194246109
5.25297626422185,9.029139456920097,-2.536531717942638,5.833331191404031
5.697313953917001,14.72529484626643,3.852894426033386,6.877803555471507
4.888971252358791,0.5489951458553802,-2.995199153167417,5.733520547929126
1.5976879809267677,16.566736884270757,13.93167308907384,14.022985486165993
-8.899385299376124,12.968427283282583,2.2435259548373443,9.177824764985475
-9.043693193309911,8.156279119744854,1.8238735621177782,9.225773753204237
-2.185417789064972,0.8802313640000644,7.826886497927553,8.126266249896213
10.968748837234905,4.229238239968261,7.254483122970878,13.15070250731159
-9.469203524671585,5.887241788296582,-1.3863688222863426,9.570153285243679
-9.389263526019757,10.460046785998369,-2.2864252112726637,9.663643712792199
11.995043394435243,9.743947642538288,4.889901947207802,12.953463131058474
-9.470134363242083,20.513260191842818,-1.3631336018223204,9.567736308776263
1.6123979912798205,8.193565466368183,-4.773175698489447,5.038157751691924
6.246518430179666,18.37279445920196,-0.2075782596765066,6.249966498507377
-6.399368275445155,13.937050069841835,5.868256687919384,8.682646536631816
-9.277534842398948,8.68254917263006,-2.937224639130276,9.731389486226542
5.46293352916522,3.994039561787438,-2.220773722324299,5.897073737867256
-0.09648649087300216,18.69086995839873,-10.986368448301258,10.986792130770036
6.357789148726338,14.671704326623669,0.786049717474136,6.406196767037643
3.8162515581248098,6.2453362798845395,-3.936021134843288,5.482338764507634
2.158076642561227,17.097130654370204,-10.979574721451659,11.189653965119234
-0.18276802393672767,8.056151623952518,7.875065318502736,7.877185913843746
6.145088001226784,12.621529737021447,2.6430235271018403,6.689370666036922
0.7321388120502826,3.384021525091111,-4.808077903071084,4.86350083397863
0.5480068546127878,13.982413616130271,-11.031606529131734,11.04520955556229
5.897060338184964,13.588357007673471,3.3978089284173265,6.8059111180081295
-4.156789088509183,9.35067770590105,-9.742579420569841,10.59229669582853
1.970859193036485,10.563127226102417,-4.712976128860869,5.108466496903822
6.358025112865696,16.380167957414375,1.1830038989094873,6.467146322812396
0.15689852769845383,3.130967066981664,-4.742863423768223,4.745457891975481
5.5611031061272245,4.683770379935632,-10.066324394092133,11.500293672949061
-3.1937783894283647,10.035726858720977,-10.204109603755208,10.69224360020987
6.278430795144273,10.3758714611674,2.0142936414351613,6.59363876196915
-9.264902295400908,1.2172841597828425,0.9931983790543657,9.31798570311638
12.493757043781226,4.255373406401749,2.677833697664099,12.777509866221132
-2.172604132838178,20.260360737959015,7.828810503405104,8.124683539452574
12.519263052268377,7.722489661570554,-0.4764978428506549,12.52832780406601
-0.4879300130258998,19.36448770271442,7.90060924434403,7.915661825105074
7.149674692561258,1.2822312591546434,11.548833159349908,13.582834591938125
12.451135491455567,0.9758663064266271,-0.968482375061183,12.48874425782627
12.229551823775607,5.096249735719478,4.064302166459145,12.88722196249827
6.335929050618316,3.8723533982932454,0.42504805176094457,6.350170295415304
3.2064058274352396,6.491390177685782,-10.818549174190824,11.283707040002218
-8.97196289111775,11.411197277062804,-4.065931057153172,9.850274792162738
-6.125452864253731,19.38431547402707,6.095863392667928,8.641800928872591
2.9015222084792494,10.48517511029439,-4.42640166666563,5.292623436534907
-6.672063089729299,17.26963678680917,5.621614595870377,8.724618990983558
5.768415651960325,20.44468403094947,-1.6610640502009009,6.002812083736312
6.278182390479983,11.676613334988614,2.0158323262400057,6.5938724658312236
3.3635464077934083,19.07442998065599,-4.207586514214365,5.3867642153688635
2.514349754011035,1.5276528876568702,7.079474597576649,7.512716902907257
-3.8544218396835355,7.833784655049788,-9.900475928664351,10.6243113344956
4.115517900030853,18.77062342652517,-10.59482452471037,11.366080867866403
7.681573117758393,12.606840642323503,-8.839719675504611,11.710986700742673
2.2742744068223506,1.9539502194422176,-4.640743942704406,5.1680584767661815
-5.368910344931588,2.39549464093589,-8.97275577046453,10.456363823448282
6.259481444680245,8.273403508395111,-9.727418515888804,11.567358338858211
6.811931723722883,10.67352923414016,-9.416208689998795,11.621850106685727
-1.5752226022360032,4.706284781660395,-10.734918745994943,10.849875885451816
10.593331066695425,5.521707915191798,7.885904145332093,13.206291957925977
-9.164403942790495,5.8103253459666195,1.4095389090312362,9.272168007683366
2.373667593546429,14.382910465130674,-10.954742243312937,11.208955145867854
-9.458203251928024,10.595957982407132,-1.5964880299203892,9.591995766495154
11.53720991063072,17.40331130814849,-4.053316675663234,12.228515388025047
4.958235768416639,9.68444509615259,12.845050423534683,13.768784344246034
2.373364719865863,0.4806266550818328,-4.612822763383158,5.187580740565856
6.008666845840538,15.167884722769127,-9.85587122553567,11.543061763615635
6.8917607045069404,1.8879443693919538,11.731470694667452,13.606019633530861
-7.4242187617469,2.760927148145523,4.815795423304364,8.849345161162713
4.825217653195745,11.954273401500666,-10.363049713063395,11.431339587123427
4.912112062323478,8.443895660974452,5.110387250349417,7.088363898768015
-8.333426952058442,16.136789854257703,3.4765886118486162,9.029544459236554
8.273427743506444,18.99538893948337,-8.378159227643447,11.77468295415079
7.66593569432822,12.288200263406141,11.154883069614652,13.535065066941906
3.166172015471336,20.354593654499293,-4.307819608357739,5.3462094057102965
4.570980119229922,19.619504479110255,-3.3276091693833196,5.6539227121140545
5.5985271147916125,3.011216421594811,4.049143522911282,6.909346504857843
5.423809694262314,5.3419418938861,4.362533391864124,6.960560982758742
5.472055311070453,20.369548105498502,12.58932467040626,13.727144094250415
6.385733857210008,3.310114331875846,12.064605433296832,13.650359011991357
5.203533034692031,8.855912253815495,-10.217931524131282,11.466598478841364
2.80581254573559,11.221518841004617,-4.465026093199938,5.273427922591105
-7.69186162955109,13.618118171255682,-6.59758017187826,10.133745578635844
5.501234513413651,12.642313181993586,4.22837955629912,6.938499466289659
7.754749110220087,6.74779413163072,-8.785902785881992,11.718712451691447
-6.824567201887634,19.6820122634767,5.4741077233073625,8.748746930815505
-9.401412470531241,20.456762776567793,-2.194152075451622,9.65405923802361
-2.907973637321554,1.804479275279919,7.683919152370465,8.215772892158277
6.236459397863757,2.816131245444825,-0.25822568193688367,6.241803130828058
7.07783317142354,15.582883897101107,-9.251740910381642,11.648623621498496
-2.16759648881605,17.826119282721123,-10.573477113662435,10.793372633772584
-3.4707290772582904,17.04024800789773,7.524269897087454,8.286169067303819
-2.368464553753208,15.568664288149234,7.797097369922052,8.148886533657882
-8.58680603391644,14.42513788730462,-5.037369160886604,9.955316465444742
6.431823828441974,2.548218661813165,12.035584896053722,13.646379063701493
-3.6123150464055507,15.926681179090263,7.477169653638435,8.304028300998224
11.122084837348593,2.9225243690743556,-4.8953139253802505,12.15174347808582
-1.1213862000691561,7.13845904273095,7.915674834610051,7.9947116956763615
11.455277094884153,2.443277423349098,6.2898750111370845,13.068507985853023
-6.91683305735771,17.86363685760497,5.381271278339098,8.763598582456508
5.27671818558952,4.179658527111561,-2.5029971228786914,5.8402696348088385
1.020519902097584,12.679363744858856,7.653689735009285,7.721426515247281
10.96505262085121,0.04608890926807141,7.261110885000304,13.151277894649855
-4.401933686885776,8.08235047699046,-9.605217069526473,10.565851368274236
4.1381768530153735,12.400125886781597,13.199910782320694,13.83337096762963
3.7432569493616956,3.948103715138476,13.348864142024526,13.863771004714872
12.60588929075129,18.076035291985153,1.0294328914594224,12.647852659194625
-5.824471357645502,1.6828275210268142,-8.617468115803497,10.401212589064926
1.7917936502315859,2.759052874634212,-4.746408896776562,5.073354107531814
11.997857845107438,1.0858683361472594,-2.854641860704682,12.332784479763424
-5.207501944832543,10.659447560319357,6.7335482590798295,8.512270476364794
-4.54131849932774,17.602304807163673,7.094356174881274,8.42338787237133
-5.662327659356707,18.625778771752184,-8.748626459921596,10.421152501386604
9.864261733831677,18.56165191543195,8.923726557727036,13.301750081497499
5.0021101407069635,5.004736579107503,-10.297113773713733,11.447779606918038
-0.22725031924564454,12.978738683945991,7.879537873439483,7.882814206015797
-8.068063166619757,16.492569809427827,-6.018708432077262,10.065708839963747
-8.380578362994722,16.029188299013395,3.390289987311754,9.04036281884536
1.4116944188597456,16.988820976463078,-4.795215396745714,4.998697013565327
-9.476448945900133,10.244892477850259,-1.1211534772552771,9.542540004831698
-9.228043186073794,0.37794890357514044,-3.162648304076489,9.754953887093516
-1.9143140214122143,17.92528031544734,-10.646948404348619,10.81767574377403
4.949051855587464,3.4018256752702403,5.062863433124702,7.079950593878814
6.253929424904809,19.631717798436043,2.1562052560392577,6.615198739105389
1.9140923199485624,17.48092570575281,7.354358213928007,7.599364062081539
-3.0740270283953515,19.20957167684013,-10.253404785436533,10.704295953742962
-3.108389059351988,15.119457013810523,-10.239433759589513,10.700845119023104
4.805712234300747,20.49263139772902,12.915882003654177,13.780960707121464
-2.509766538985759,16.88446702094857,7.771140532265886,8.166367200440982
7.162704261344084,17.873612004539375,11.539364670964849,13.581651937264054
11.604450717078858,15.546249306530285,-3.8996913766369095,12.242175839209644
0.6096871557189991,9.062262455462696,14.080701092145771,14.093894482158005
2.0047455667983476,13.380119135221278,-4.705887482390349,5.1151130764153985
1.063795562985171,18.24943187416176,14.021143599698124,14.061441207898378
2.606677393009095,1.4914893124567419,-4.5384217134780425,5.233740410126744
11.219198523710082,7.859446328900675,6.7827232689416,13.110139223420182
-9.361956531990257,20.52278655025431,0.475542398385418,9.374026385685994
9.884839859660874,5.426500852409983,-6.74618636474253,11.967501389971861
1.23277768794303,0.5846558384093189,-11.038169627710252,11.106796547969862
12.147144466951397,15.458768763499902,-2.3607419292975917,12.374418012889805
-9.46832289017226,4.753666833962859,-0.5825568357058062,9.486227428192281
11.80381455033606,6.175872221974716,-3.4061625855400126,12.285437782100315
11.696609305469785,19.523769434527377,5.722352479249174,13.021366561984633
-8.413803984863458,11.386841530876016,-5.395094321131009,9.994955739251889
2.631382734374372,11.39429516222526,7.018178196190616,7.49526519132238
6.1845986035131135,16.551729547414833,2.485328923152172,6.665292172353219
6.183024132060898,17.85527253129954,2.4919429087206257,6.666300839143883
6.288959000741106,8.844106539952897,1.9467810493395392,6.583385281682223
-9.223585568682642,6.920328873347132,1.1747561592293296,9.298095653221575
-9.157926401532675,19.58178269478288,1.4337517393481916,9.269480029967871
4.922296106456899,17.72936774070069,-2.957039139848714,5.742219033983114
11.876676756811799,15.783976822190532,-3.2087419363384035,12.302498754310458
0.11447325615489756,20.681711335799243,-11.005380149841416,11.00597548465824
7.3163411521781425,17.753173708048507,-9.095585389719165,11.672982542466519
0.8140981638829772,8.936892776076863,7.705841038073552,7.748725180602039
5.169773929389738,2.544098490708617,4.759918053212582,7.027331097528909
-4.701315173945962,14.752397353869554,7.014704087205734,8.444432354861716
5.156897611172829,12.29183655098946,-10.23665758671504,11.462231524435834
10.286285032262333,6.778269168232558,-6.223158237595784,12.02228589807697
1.7514131931467842,8.099337901789953,-4.75301851992604,5.065435146548472
-8.81964624412661,15.802893425738581,-4.486950187209011,9.895397003356237
10.3568858991029,19.054257038786453,-6.124685592704172,12.032325591360738
7.516434014982216,10.910525102520415,-8.957993627803194,11.69369189509217
-8.40623696763435,19.072687830749757,3.3423650660246373,9.046337612017597
6.895003977213056,11.417450348739537,-9.365887849103572,11.630173474534669
-7.88118494159094,11.432908609163695,-6.317138925388004,10.10046138976889
0.07935940765911252,20.555824990897147,7.843462609268168,7.843864074457934
4.30532900102151,20.93490232400963,5.789087490607094,7.214526441904584
6.3393326787968975,14.208151241855578,0.4645022511687908,6.356327646825887
-9.466922461553425,14.880772105527656,-1.4381944193377691,9.575543017546266
11.662206110871201,14.367738587564968,-3.7629413286152236,12.25425553899714
-9.434719163479667,5.3268925067589095,-0.09866312509345308,9.435235031835914
-2.7340737066356007,14.082791884349295,-10.38422809447476,10.738126100553814
-9.368923265038616,19.87576036689043,-2.427530600883853,9.678307081530807
1.853261001774177,20.571535002110306,7.378733329415756,7.607909166606024
9.398964294881178,6.78928095110973,-7.307571918972347,11.905508689989036
5.623156187004186,3.5732332734679773,-10.038542479366633,11.506181843404521
2.662819096282394,7.099793485923806,7.001258556354053,7.49054249787337
-9.158687070940962,12.728318448641986,-3.4425867931102183,9.784321779843406
4.110268496823927,4.952057206470657,5.973898847199022,7.2513291576475165
12.586620327821626,7.875890918735015,0.2998940155060485,12.590192520262306
11.191781406989366,7.254294771962469,6.836703664081152,13.114743156169453
12.386404556312078,0.8018526375937417,3.3450563055506213,12.830137159045986
5.600979802083394,12.303373431679642,4.0444557354969835,6.908588635874955
2.318499057605008,15.435200818669237,-4.628549752155484,5.176766431692076
5.509582287937843,0.9595490093356324,-2.144066073594962,5.912065317255833
0.5006169193580966,8.779952246720372,14.092770016439086,14.101658910787487
-2.9419811321242437,6.406443233811639,7.675495341697744,8.220004970935165
-0.6768677902676054,18.203279735349273,7.91043439420691,7.939340168461948
6.138698159577785,5.132206044830911,-9.790244302572463,11.555626274609969
10.48965607865816,3.3852733946133835,8.047077083633763,13.22075392095601
1.3782885893034893,6.961485502563289,-11.034093377301872,11.119842449172616
9.576311277407298,17.02764340392043,-7.110792032104119,11.927661170809372
-6.150799759236298,14.917718253499844,-8.336390763282482,10.35991064808779
-8.13316105129534,14.606048634689344,-5.909001762690005,10.053089600604439
7.442987311410803,10.23843452089464,-9.009213917021542,11.686059880065516
1.3832417362955842,2.8956968856263883,7.546993950859216,7.672709781774339
11.301541101356388,12.474711593717549,6.61675495586715,13.09604052420579
2.592919946622905,16.34190546215114,-4.543151596020856,5.231009489001313
-9.085921712494077,7.911995223672629,-3.7038687359593916,9.811861035440154
5.473680714907966,5.3312438234075765,12.588472654179661,13.727010757400334
-5.858766807315134,11.16531776158512,-8.589026418592967,10.396947788739997
1.4031144738229664,3.2641859732913265,-4.795972256596471,4.9970071155337115
0.6812899651618664,20.20548568278475,-4.805175564239963,4.8532327596973035
0.7624921250092603,7.246954822678634,14.06234085333774,14.082997710578269
12.59361259763849,6.43116015050951,1.554381422020785,12.689175696810342
1.2653451564949212,12.061416330337517,7.583821021188982,7.688656556674452
10.999347359358007,14.16136811962414,-5.116202475810968,12.131000375290993
-8.063625607701802,4.953313655640178,3.931754393711716,8.97110642862159
-7.551128629697636,13.387192939252886,4.657710318086012,8.872080307878429
-9.289201473926807,2.2786305560865836,0.8776852768087124,9.330573158618433
2.012360371358877,10.090195313459287,13.847394826409044,13.992853095158098
-9.475146167154879,5.354552980202031,-0.7928310108764687,9.508258300065117
10.065577078121777,13.896206568724853,-6.518075730364665,11.99171185204095
4.030291360351358,9.16386306719131,-3.7852402702319643,5.529131247556758
9.818415989579169,1.4909667299091907,8.982415601749668,13.307331910904594
-2.6869585899330484,8.426036778274424,-10.401317785275406,10.742772367238425
-8.994565543929593,13.859968841771947,-3.997876756063442,9.843029405661541
4.029888842355296,20.54623376801964,-3.7855385697609885,5.529042082032635
2.8387479947995056,3.5872774555723455,13.63969793612407,13.931972220998915
-4.088453137194294,3.0925316965504233,7.297412410465204,8.364668370201262
-1.913683782787394,15.730446724677988,7.8631937100289875,8.092712829573461
12.601615794444795,0.238351579848607,1.3268308175719026,12.671274626068959
-8.846681911835752,3.342390713405136,2.3820267149744905,9.161759226265119
3.568115222044679,20.60147756274928,-4.09237734118333,5.429456560321456
0.9209128495016363,6.55544504653248,7.679615749330937,7.734634996801659
6.124118411788848,3.154386236014217,-0.7194851486396329,6.1662375238652745
6.32682504538049,14.931035491889132,1.6486178195341654,6.538092678277009
0.3383444021100508,15.296095444872595,14.109134760933102,14.113191015380256
12.594076361573213,18.234280661565016,0.4506148312170253,12.602135260631428
11.159036133220154,13.899986045361159,-4.8266199771747065,12.158139159697711
-9.341349018617843,18.686492137604926,0.6002177197094689,9.360612308961725
-8.937639001752254,13.748749970424063,2.13852170204026,9.189921979850547
-0.839510309327897,12.518922403099568,7.915253224121168,7.959648934559135
3.309349023502822,1.8733066518954626,13.496924610022187,13.896717773919914
-6.9839679651549975,19.393825857117058,5.311933393503176,8.77453388592952
6.003023001773549,11.136775320524887,3.1111812666701693,6.761341141659819
-8.581628322679821,17.02413985621371,2.994419294943513,9.08905339309603
5.795584067068165,20.822289553960307,-1.6033648850968938,6.013283099373931
4.044247343429056,2.612135675665563,-3.774862166660603,5.532225677981563
-7.388268055489499,5.798414323249022,-7.008840385009625,10.183827787345408
6.928987110888582,15.51579151568445,11.705663484740908,13.602698996921779
-6.611581881641276,12.55761911186064,5.678155598329438,8.71518594044253
8.814905326299895,15.788945783111325,10.11974390858416,13.42057274064548
-6.379661460561967,15.0768983360568,5.885280710444285,8.679666433228135
8.360862413882725,6.471758049542122,10.557752989402346,13.467374223994483
5.099969731205763,13.918297008390713,-2.741223587896756,5.789991193262434
-6.1019877872681185,11.502689789841128,6.114486959542846,8.638356657049348
-1.956804694659074,9.460461501670821,7.85806032542237,8.098036594818334
2.282365607196619,6.907002021706868,-10.96577755630458,11.200779891564125
3.1736496837561927,13.548895443349208,6.697602704624057,7.4114731534421185
-7.818891882664323,11.68603537137718,-6.411675287590455,10.111609677311135
8.696041463907273,0.013075873415317796,10.238440880076203,13.433049125079908
-4.852965939636967,5.1322596206044295,-9.329143597274832,10.515902180500278
5.004237433613102,5.695247967311422,-10.29630046600941,11.447977794279662
-9.029161752890873,17.871133974787156,-3.890331176271981,9.831604071612176
3.5348163512149444,8.987323462841811,-4.1119465342706105,5.422456172023581
-3.4050930467891414,12.104896565382978,7.545142936652448,8.277912816151671
-9.476529562066816,0.9703747980958914,-0.8741677786611716,9.516763202159423
-0.9604277898586618,12.538215118208534,7.9166634715777455,7.974708901379799
3.656267447525036,3.214284290169138,-4.038988723781924,5.448093387476831
1.7614212827851308,9.874964595891042,7.41438001275474,7.620737228705986
-8.338820153563333,16.126558428775148,3.4668306191282046,9.030771622358682
-4.583034657484261,9.016513873432265,-9.498108733719368,10.546007594784768
2.6223914748769643,4.420727940889307,7.022981709639802,7.496613178058647
5.641504397828521,10.748445227097285,12.49899525030009,13.713185411775878
-8.441139593518898,7.41310846925608,3.2760325722452,9.054569401781835
5.938368502518916,13.515430388098908,3.2907727173528887,6.789212439523665
2.8656310846584923,17.299948696087988,-4.441145066980977,5.285414933506211
5.893686572711241,12.274419327956748,-1.3802225852689523,6.053144290552083
-9.423520641691715,15.4656606308957,0.011779005952520212,9.423528003320788
-1.4623237716297812,20.52121849077416,7.90279626995935,8.036950895554668
0.10855791773473802,6.953532542540198,-4.734071639035218,4.735316156817884
-0.06351800730306495,7.594896973365055,-10.9896109689373,10.989794528827131
12.43100617766777,6.494349917021726,-1.091243153628044,12.478811089585191
8.708595620979096,2.10122266085902,10.226044304427612,13.431739269575356
12.558630421313973,13.816095536850835,2.0891659088537526,12.731214091902999
6.1329180924628615,12.13093183285721,2.6885240202112737,6.696330766629684
2.0507593380418636,15.472055027923512,-4.695870971690798,5.124140712874129
3.138543990121201,3.9129287560564805,6.7202920546868645,7.417060312429265
-3.3832001513858483,12.211974271160392,-10.122618448949437,10.673024291518724
9.0251917669427,9.872933729658188,-7.695062541040954,11.860357243381078
5.3691042268625315,3.055038066152724,-2.367457960828883,5.867890370073827
3.2316969011719237,3.555244346710378,-4.275694317461092,5.359610690844372
6.348934430656747,5.225995408748593,0.5969986279849887,6.37694094112488
-8.644517297644978,13.19866156102578,2.8598198683364124,9.105286870198814
-2.901268776606188,10.31011988879499,-10.321550965174096,10.721556549344703
1.196045024005026,5.623139345303035,14.000954084915904,14.051947871642938
2.2703087747498483,13.469843520651374,13.788318324079428,13.97397667590907
4.903299184067581,0.3800456074137437,12.870824577272984,13.773179305716313
7.48601866485542,14.847457861858306,11.296654183807211,13.55193237878247
7.819669503314702,3.715556027359092,-8.737417229979252,11.725599813732698
-8.736883812349994,18.459125424984645,2.6508976250504,9.130191507794413
10.61454448839326,12.311446536753383,-5.746362591113585,12.070179688995081
6.13909223708601,19.082355418982345,-0.6660398600580799,6.175116403002934
3.060499676004425,4.7876795028187855,-4.357284963133339,5.3247150643739705
7.968624668607525,6.944224930478997,-8.62348127780143,11.741524963041734
6.360971010652742,2.389875727106015,0.9676749218374254,6.43415471936428
4.636339756874342,1.1140446789267635,12.99190378701919,13.794390539358279
5.311204472152157,3.414666239164203,-2.453365094843559,5.850460941977634
-9.455277426556613,13.0972513752295,-1.6409737965018971,9.596617436053023
0.9274655527435349,1.92013117414352,-11.040495549932476,11.079383301411893
2.6773349962791015,13.973239099654755,6.993379898804552,7.48835663489022
10.424618685166513,15.63838709326172,8.145620226561627,13.229656216489252
1.5245401332034911,3.5890802714431307,7.500065073138783,7.653443585672033
6.234862676590424,4.732085345317112,12.15781767198159,13.663310109233711
-9.15334048513687,19.288666470212302,-3.462785384648451,9.78644596658974
10.551318462399092,10.599548761637543,7.951839075037612,13.212193836386861
1.5535694085355913,4.168503870481084,-4.780498255472919,5.026603373821855
-7.625464996069833,20.866554149245175,4.5615420402953175,8.885684115005882
-9.11468940824708,1.6983867051526818,1.5890631140801224,9.252171884986872
-5.25392625568511,7.739524627849511,-9.056194153184407,10.469880306877858
3.703926008121303,10.464248167396033,-4.009148208197406,5.458235724932543
-9.132030268599925,11.628576802158536,1.528029122360988,9.258987516214098
-9.474977077123064,13.221882682728682,-1.2041934830307595,9.551192206032779
5.727779778432342,8.995968442085513,-9.990695074432722,11.516138643682295
5.230754524589728,2.9280344642266734,-2.5674656271370138,5.826892194218628
2.1575629587295855,3.124252535792089,-10.979628818407965,11.189607987364734
12.51235003895027,3.244046196355892,2.5325501232042407,12.766076673111463
0.6281237953413534,17.019741726094352,14.078575844237193,14.09258093126355
12.255806709876305,13.494077821565,3.956593352170384,12.87864236106772
2.9532945719300603,1.6532661937759006,-4.40458066429224,5.3030443762850625
-1.271778341391893,17.432797742368475,7.911798936719243,8.013362750100937
6.309776854936728,17.97863996006702,1.7966709219942043,6.560587653635513
-9.143981835473594,1.0755522155295951,-3.4977267075317755,9.790122365325784
2.0732277289452217,0.5065189423549894,7.287654776402875,7.576818947031465
-7.9118423547838574,7.237222603852093,-6.269747526813052,10.094898884928474
5.732937880193387,4.995551225232579,12.448975325826309,13.705603357794523
12.591721782944688,5.907112948490406,1.595643284821174,12.69242037404524
-8.95505108945321,4.474227199241643,2.0893595776910994,9.195562161151795
6.327783399167495,4.97167476080307,0.3404442472318241,6.336934987220003
-9.194219946101676,18.83159799511045,-3.303615339882732,9.769726440960483
-1.0733816207091964,18.856085570279365,7.916311781089905,7.988750860998178
-2.824882978139757,4.687995539136387,7.7038508257126015,8.205442180956275
-3.10920793240817,6.2407456021705565,7.631806451240313,8.240852120754452
-8.040146020375472,3.179225558912403,3.968617989762773,8.966263256096614
3.2533558193390144,16.437287322073225,-4.26482663637161,5.364053534924107
6.215766990290342,7.514640392164339,2.347542768180093,6.644299536145079
-5.88485076021714,15.954162041350266,-8.56722705688266,10.393692698661559
-6.082251769765377,12.396461552834941,-8.397420621521569,10.368725075223557
5.877308897332293,12.263303166973193,3.4471481447503014,6.813632673289394
2.2118991624289284,8.713723499968678,13.80214725688278,13.9782605071386
5.051578437174431,18.539730441889137,4.9263786098119935,7.056036487585564
1.9599909734571288,10.45014593619315,-4.71519805428905,5.106335017133587
6.360975054578195,12.648149355054736,0.9689729006959148,6.4343540567215545
11.835549350501466,6.482540826578266,-3.3214559632185403,12.292774224875185
11.900631021524015,18.690617020713297,5.173278848811803,12.976433745757086
12.55416884908206,2.7955294468287564,2.139477856768177,12.735168667546722
-6.655730328129544,8.40891897857766,-7.850738558076942,10.292368148684705
1.3459081435921374,5.087744329147545,13.976510598519303,14.041165095586264
-9.378591211651438,11.217314871767217,0.36629299897040923,9.385741509138226
-8.727948000788741,1.68720724529215,-4.714960264642785,9.920076945348384
3.864331881437491,16.261878357441514,13.304659667955185,13.85449493016644
1.1474439465888564,15.903251309386977,-4.811565458684419,4.9464926739830934
12.510867412934948,2.896255143187644,-0.5458395520121627,12.522769032469554
4.2501668544974365,15.65535123312663,13.155137572302577,13.824672250627701
-6.639667601134219,0.9178109190800017,5.652034243210632,8.719557152744457
-1.8502385577141418,0.7680566254455835,7.870317327708137,8.084879563683993
-7.8703655750963035,9.230963458381114,4.2239478948741045,8.9322108183961
0.9284514351848491,8.545631240958624,-11.04050162318749,11.079471926003622
6.096615370203999,8.754791681843692,2.8171970505360378,6.7160492995329175
5.83180759137071,4.829130951941769,-9.941853711563896,11.52607630570377
-4.049630358686447,6.49526616333409,-9.799963362837678,10.603715761701446
-8.92468109256257,17.082764721287806,-4.203196657483438,9.864927508371451
0.5347251005797199,1.1914117517059228,-4.7937450435798965,4.8234761817631915
1.684629541856326,9.575962760151645,-4.763203606148866,5.052334637266678
5.31617812671584,10.510158871857989,-2.446114641782514,5.851942131951985
5.615513258636612,16.694274014908412,-1.9592502948372146,5.947491141291703
-4.490046313615628,13.61049407156174,7.118987131341354,8.416679492211706
-5.875127656682381,17.582506723392953,-8.575370047612406,10.39490723555541
-9.208925031106775,5.511203786615381,-3.2434627387767354,9.763419010079307
-5.287977110879859,11.602288632158283,-9.031734078976722,10.465893291952618
8.281921209055799,5.109880296510812,10.629823482584923,13.475287239384626
2.729453210679316,15.84615005151784,-10.90443061595551,11.240841689458824
3.4085211965854922,5.757759568760088,6.538303354590416,7.373427120696379
2.0566059486917845,2.033892333547336,7.294823487360514,7.579187142427679
4.469702712215114,20.055797638833084,5.6219929651450675,7.182273124556304
-9.44648577124958,1.3341523252448706,-0.23202227329428282,9.449334778793977
-2.838261315625183,16.012160344277824,-10.345545348658217,10.72781598727896
0.9945291981886774,15.627384812661498,7.660592491466423,7.724879652548741
2.397452601934352,14.718068225900751,-4.605707471697905,5.1923328373069175
-9.455272498625904,6.94560433595001,-1.6410461387450113,9.596624951135752
2.223761364345348,2.8645245136984596,-4.654148435873293,5.15812100175024
11.908505487965662,7.220203030146736,-3.1190769702996315,12.310204876587628
6.327547026946265,2.7643886888866422,1.641604888053397,6.537026693130243
2.7557415769558653,4.23920051969903,13.663005884335432,13.93814339983442
4.305245877839412,11.336489539597814,5.789169258441323,7.214542450601791
5.189332658107267,19.008864196951272,4.731347862422832,7.022451568487441
5.622417245117496,3.325939227926626,12.50932324274646,13.714763711771027
-8.06109371858795,5.396629954584495,3.9357487721240676,8.970582497092048
-5.776608061044567,19.933788809173794,6.359463854933381,8.591389946517921
-6.679768245557813,17.632465050982038,-7.825901442353364,10.28902508500154
-8.606959183171274,2.2266401093842636,-4.993190266763948,9.95046207072227
6.342996015400639,0.4707799374403042,1.467511088646077,6.510544312627599
5.41135630912912,15.038576794244467,4.38347689820074,6.964025188166045
-7.931709730967603,3.6263018503476103,-6.238720890960488,10.091266402767939
4.247223114077087,2.0677994345909174,-3.6158292235835874,5.577914050509541
-0.853630128366636,20.030005257733226,7.915513309166073,7.961409130527112
2.726033052947109,2.524411713864258,-10.904969880840131,11.240534876410043
9.401964132850898,6.377055889854599,-7.304315919170857,11.905879245249698
4.725001598002504,1.7209075143738202,-3.173406042170829,5.691761239687812
-0.3177549668604651,5.690109291845909,-10.961991015780958,10.966595426522625
6.224349833831625,14.24660838056505,2.306991656786527,6.63812785041102
-6.863227375900634,10.468177449423322,-7.6306496095015355,10.263074757415433
4.736183097707866,18.56120311782267,-3.161733172654298,5.694557664127767
12.515176590112324,11.37360939620003,2.5092284366146544,12.764241944933948
2.128977228650995,3.8076275615878563,-10.982601301908671,11.187049450002467
6.262430348092806,20.259972860028583,2.109039120959555,6.608031467725592
4.061361908199465,4.402267343679666,13.229967298466374,13.839317008720597
-9.232530814849415,7.3456668340303315,1.136844747991575,9.302260006481223
8.48235987938635,4.98980284348311,-8.19999621485076,11.797896721322406
-4.819550544132433,13.784223038190477,-9.350683772645313,10.519665130766265
9.5109360702287,9.902995131843578,9.359347123778676,13.343735740614827
-9.466405358611395,2.437235498008672,-0.5407172651434787,9.48183555934033
12.556474441906245,19.69247124930597,2.1137625602529386,12.733147394551427
9.922354149065326,6.945854138943916,8.8483717996766,13.294615277050555
12.127068292004557,11.610146319303885,4.451148929481583,12.918146622150074
3.2843149289042617,15.722394150167478,-10.802490155062651,11.290727084756274
-3.851834216225518,6.83145434273082,7.3909259414865005,8.334411383044621
-1.1375227049964358,1.8281098097146344,-10.831368550738556,10.89093671757901
-3.72313764536522,7.708415728092676,7.43830180968488,8.318057930688932
5.96955699696993,3.426352219758608,-1.1883399451387884,6.086687322779535
11.378150503039468,1.8906296507291576,6.456801926093092,13.082530335627613
5.144597266866313,14.58849080078989,-2.683463565567368,5.802401032846305
10.776728659314257,18.401501468606146,-5.4912570338054385,12.095114071715198
4.932345420811422,2.5902353307568715,12.857234085848935,13.770856897394406
4.665697770433979,18.471257137184566,-10.419670557014648,11.416578743290415
-7.9939875884804135,11.045035006698782,-6.139802862331223,10.079732970325631
-9.090595906091178,19.706862053516378,1.67132140696585,9.24295673327664
9.486330136333157,7.570786942063204,9.3883247671349,13.34657639204531
5.682523267156631,8.897492536731175,-1.8336693503801957,5.971047979065333
7.69192278350806,11.178619750647798,-8.832161238009782,11.712077025090505
4.915766926534638,20.33689061980222,-2.96457013957424,5.740508739516649
-3.938214770701819,7.116877731161027,-9.857959116661462,10.615502509346546
1.0919913752278587,18.43823717195102,14.016947407435518,14.059418899313915
2.6655873649600474,8.03908974095235,6.999759273459741,7.490125892574857
1.7065912232963671,9.727409591859754,-4.759956747970012,5.05664333782574
12.243411986109582,13.755688844493402,4.007945763826448,12.88273132171071
-4.742836380805606,20.365619714775075,6.993331894826733,8.449922362145944
8.54728539184708,8.313618762156935,-8.142886457944462,11.805197475546853
-8.733905609085278,1.9656662630733233,-4.70063196873555,9.918520458914724
3.562018850482073,10.13001834166775,6.42677347129571,7.347883745850906
11.15608872028114,20.39653059138561,6.906064995413654,13.120672591588509
-5.898973883641745,14.81759987982793,-8.555362907638816,10.391926066003812
8.096938028796075,5.227498022733619,-8.522247787432924,11.755386543732598
1.6376119605984651,18.839874667286807,7.460275533459846,7.637897876289964
1.0801753156625882,17.110687910153164,7.637475644054914,7.713482542023336
-1.5008314629363315,18.387956438830603,7.900421274381409,8.041713212546066
-5.347742486151689,5.545971220190229,6.647358733430106,8.531455199970363
-9.001250713166726,12.597599943702624,-3.977423513584884,9.840854241766943
11.393563863608275,4.376877609948846,6.4239322443871485,13.079763109269114
-8.80242955687289,10.998767520395871,2.4933637711663024,9.148750133164317
-6.928308928951743,20.55020928829913,-7.558859306084236,10.25367342098278
-8.677629154688011,14.367583503794227,2.7865485726037895,9.114060604021217
2.941189563510699,13.444126777024954,-4.409741609312721,5.300605353109039
-1.365264426519775,19.49829374336774,-10.783556332254632,10.86963817821133
-3.14238661198339,2.203623581505659,-10.225473445476334,10.697424961331306
6.345262282199429,5.081805027915664,0.5416074094203828,6.368335105491997
-8.883561630017027,3.8483124606509813,2.2858268745107346,9.172931468976877
5.845302369868644,16.464106852295906,3.5248034621231468,6.8258185766827495
1.9442790797780072,15.143652632063649,-4.718366019506154,5.103253769321369
2.9863347273822316,11.686836666245423,-4.3903098272230165,5.309709547892436
8.98465806689956,7.18357911118823,9.944933163025418,13.402454110950952
-4.24183846983897,18.262673306944347,-9.695894749188628,10.583173843018427
12.412087207264015,1.2650639165809232,3.2042272203546998,12.819008577904494
1.5653283535531928,16.187986282184315,13.937701936565034,14.025326667388759
4.936792572663936,8.063472338533012,5.078728708387495,7.082754139380325
-3.2367097710154664,15.093640445274028,7.595941744505737,8.256792423678329
5.927319638938771,7.793307570149739,3.319940045495593,6.793755957335716
3.3741401746662625,1.9621610994757892,6.562460058187317,7.379072023879477
5.13521513835701,18.421462261105617,-2.6957336908135767,5.799777120631309
-2.097338151036317,3.187104242616764,7.839687458591418,8.115388269712547
9.854234892912286,11.758675397171858,-6.783704393046936,11.963469004303656
4.17971909623838,0.8848144971615071,-3.6704421071558997,5.5625710768890695
9.77270740669516,9.362568836798312,9.040260347500118,13.312855336382851
4.149027225807969,10.723910468341435,13.195622456628216,13.832529737483547
2.1874917132672858,17.373548891327697,-10.97643680878782,11.192286853584713
0.6931152327200678,3.3571064655423726,-4.805899185949066,4.855623102273744
-9.473977593365627,15.305866361880422,-1.2453787779075556,9.555481135979312
5.795095272729316,20.913241536948323,-1.6044173417250764,6.013092733896412
-7.019588497914292,4.901856886095991,5.274512808912247,8.780381999174637
5.450176992894854,14.258472671242432,-10.114892479926084,11.489798916184114
3.776979505587616,4.8122929608533696,-3.9620417912428647,5.473878820469434
1.8441336854130481,0.2592687988703082,-4.737334012924393,5.083617078388718
6.329540466982974,18.815594601907534,1.6218378184772346,6.534021765545171
-3.750908496472267,17.78632559026249,-9.951716723294814,10.635129537979944
1.917185922971836,16.592654314435794,7.3531021778028975,7.5989284442249545
-1.2613304041406745,17.143908369211005,-10.80600993029906,10.879375211938028
-8.792390066177779,8.596768006199607,-4.5564600818438885,9.90290116850908
12.564645503613523,5.238096243999443,2.017400024814085,12.725573444509108
-7.777014907439967,13.554169758203036,4.356606431660987,8.914144965779576
2.7126150340595885,5.077926735516947,-4.500533146409892,5.254814832602594
9.40561919276697,17.78608877905784,9.482212861623752,13.35582394135567
-0.8484393569611478,17.256036622634692,7.915420630676866,7.960762093102996
-6.793412146621898,5.189337347944246,5.504832206943834,8.74377642786434
5.379614193467444,4.9690100323606705,-2.3515014884513294,5.871099396258353
4.100280507479268,8.021335253879531,-10.599239957394415,11.364690401169792
3.2211000621903163,0.2332241848345793,-4.280966168955358,5.357439402399506
5.53030889571032,10.717035983703019,-2.109109279421026,5.918839281017232
-8.375845818679336,2.1534393272272236,3.3990538909907237,9.039267698887299
-9.44610318897114,12.98858492005981,-0.2273169235129215,9.448837941271197
-6.569078423095649,8.644163864931562,5.7172486580297885,8.708600550405572
3.122951881547934,2.4425417515925876,-4.328397317671222,5.337401221014512
4.786312026499328,14.73805202218129,5.266186092272698,7.116284056546541
6.171423443829973,10.381851444122155,2.5397725288004565,6.6735981165413065
-8.591856932502232,8.076649670658306,-5.026350513557336,9.954104933831307
0.948269876951867,9.180713125533764,-11.040605027969159,11.08125332005149
10.00544169142177,10.64471539739592,-6.595247922860275,11.983578706064133
1.3444282149248323,12.538230761979948,-4.800742361435185,4.985440245952633
4.749030982634283,15.154982770642086,5.310663490159629,7.124355548380134
11.381312918543191,8.62725558289901,6.450077305185315,13.081963957780376
3.9312025600739267,5.620097556594052,-3.856968221385088,5.507318533470372
5.88472527580359,5.801439319738337,-1.4016740935716365,6.0493538362598285
-2.325704673769579,9.621253337938166,7.804442553530883,8.143600297224644
6.717636014656697,4.632435195572938,11.849769069001129,13.62144120914041
1.4238259913097613,6.292222948120474,-4.794119339642282,5.0010859516970285
-5.617696731583157,8.26360446868796,-8.783793357642868,10.426578648713635
2.1283933872645586,13.98876052004597,-4.677945343826448,5.139380415067468
5.4838316527471225,4.495258283457322,4.259147894591946,6.943540190974503
-5.9721898182155595,16.106921614835258,6.215130132883587,8.619448578271998
10.447657925654562,14.192089052621991,8.110930759140908,13.226517074085328
11.399083291615666,9.664495574956138,6.412103644443781,13.078768024408134
1.2531870137415797,13.918917117285101,7.587499911396672,7.69029470156086
2.6294354264843016,8.235500460197073,13.697410598941334,13.947508299981077
5.974917468216486,1.2375788891477337,-1.1740145709954208,6.089166524649171
5.963021353902843,15.91544886858031,3.2241677441796845,6.778855457207361
-4.6983488715388955,10.555103930090567,-9.42732126713382,10.533226874630795
9.4458117280814,4.564545868885504,9.435679112912263,13.35123213505813
12.584978769448735,1.8524183032496548,0.2709195164856036,12.587894502731114
-8.776954791860637,20.20033510514466,2.555585986760065,9.141441634342463
0.988121764078318,20.84291285054742,7.662279219433787,7.725730221617378
11.163038721621767,13.897803642116024,-4.819114904892133,12.158836373887942
-9.361061056444958,15.874277630473593,0.48118691818350673,9.373420131025886
-8.843762119902719,9.687740629629388,2.389506237194023,9.160887975028151
6.369896081052024,20.42103049825987,12.0745183639651,13.651724059807696
12.548650651052613,20.284057857661693,-0.20198202188090028,12.550276088569776
-9.418286706114966,0.7649231528796648,-2.0525891768291054,9.639359252949227
6.833393922704051,7.688884271554682,-9.403299116557346,11.62399702246593
-9.46888955420324,4.4843943224215685,-1.393901395381228,9.570936761349172
10.315145316610657,15.697922961155072,8.307283469362472,13.244364142650932
9.464617222734244,13.866127838548584,-7.23575078258576,11.913650513615384
-6.242074787703817,18.36476315362663,6.001294498999895,8.659043441340046
5.04644561992712,14.045701291665761,4.933378812204436,7.057254416526959
4.304714709705577,14.864318561111777,13.132916684432141,13.820422185019952
11.931492736836123,7.328297223154494,5.083020834468684,12.969102502980531
-2.4395358391510755,12.12737514763469,-10.4870046794691,10.767014547111438
6.347295893891155,19.125100984239385,0.57136340415692,6.372960168102206
12.513435487145449,20.426858782067466,-0.5249711732007997,12.524442599319256
10.402225648197321,14.743568851563854,8.17911060796618,13.232692423439723
3.988124679558699,14.334324397498614,6.082837917842911,7.273654899323493
10.073502582401328,10.542201979868306,-6.507807016202007,11.99278976876416
-5.280755732859637,0.7078049184092622,6.688996498813425,8.522268199914162
-9.45979310442396,20.698686055337085,-1.5708758790564683,9.589334523620945
1.7255270184991485,18.352014441683487,-4.7570766490362395,5.0603578664336
4.555932273325032,2.683300324975505,5.529777785094744,7.16484202419369
2.6269382560752197,0.9411565440999735,-10.920124296353451,11.231648109206434
-7.982891737532742,14.547383127195785,-6.157614975091274,10.08180453463748
-7.278469103528805,17.385289445158236,4.988547537895358,8.823928775146888
3.9638103339819626,9.968983352152925,-3.833738489139986,5.5144667164555035
6.187926638463658,6.2794009743744095,-0.4768633041983825,6.206273817186859
-6.7289106962040615,13.401916384223307,-7.774598402467807,10.282150527839223
5.619375077336559,17.745171356787775,4.009012282521083,6.902865762941952
7.003036385271111,18.631769217733094,-9.299010647723444,11.641053115586452
0.025769902158123952,16.33355855584112,-4.717780838397247,4.717851219252836
12.533414777734054,7.768070451984441,2.3490159519072695,12.751641538760301
11.73906983181224,9.772560063029989,-3.573349858206921,12.270883820055982
-9.476590144656418,13.217128391982769,-1.1100940533003893,9.54138719353596
-3.4164910049789285,6.854018492774806,7.5415616461018145,8.279345556809176
1.4578583148332518,19.35766284275988,-4.790882622710092,5.007784656982964
-9.476378852515206,6.989469191955792,-0.8628425303076954,9.515579508811074
4.886809946715842,11.316597590085694,5.14245993307831,7.094068340426153
11.218473840860753,15.667796560338745,-4.713841496410409,12.168584838482975
0.2896223905706734,13.110737723931107,-4.764309314476082,4.773104270087071
12.415214983244251,0.5685903401882735,-1.182551420738306,12.471406935180278
1.5433100881164075,10.45535108266555,-4.781701925013479,5.024587478366705
0.6378516257258021,7.002183750035601,-4.802263655823583,4.844439174608876
-6.577824240725721,19.570030331224412,-7.930097470804316,10.303116889482324
3.3964293133386487,5.4242374540683524,-4.189863183015695,5.393578178991796
-5.318670871329912,10.41992353393446,-9.009506806613139,10.462288121436044
-9.477162204293107,9.529451276737433,-1.0445768707838625,9.534555274655363
-9.470182405893928,7.165254060685637,-0.6276808463359639,9.490960859984616
-1.2896473115469682,12.12062510066542,-10.799998234045404,10.87672524446417
-8.191549232441831,13.525429251415929,-5.807806430654022,10.041518528761701
6.360621812040833,8.166163283287275,1.057910581612687,6.447998498332463
6.213215128001516,15.047119403607647,2.3593616243432796,6.646098818197835
0.7227794976347156,4.5733233504710595,-4.807584610334501,4.8616128998230845
-9.45691974584262,0.6314846746336571,-0.3741084660701009,9.464316574570685
-0.08732801023341363,19.583617335245712,7.864600285299128,7.865085112629007
1.1890406749631623,5.586539650654976,14.002055792453069,14.05245117912478
9.358460348214997,2.579909460992559,9.536263197442546,13.361178685281082
9.979404865000102,15.35966514298112,-6.628260636967282,11.980081824894086
2.4035549704827583,15.761259492652508,-4.603884416687778,5.193537158657184
0.4243556260359648,5.208370612523264,-4.782104048283236,4.800895419185394
9.721539276247393,1.6315919252806763,9.10423963319812,13.31899039711029
11.610426428730012,12.532751060541194,-3.8857551914960484,12.243410279215135
10.222139741384149,7.256679888038236,8.44069823011421,13.256603166129638
4.771322657397156,19.371147376659096,5.284158295500846,7.119539928457588
9.933532093913067,12.416268071762945,-6.685847857965052,11.973955964536398
-9.359474514872588,12.65453795184691,-2.4884914135367366,9.684645203093169
-9.079862101263368,0.9537145411663449,-3.7244286779170417,9.814034071412719
9.463141601510014,7.260292871864127,-7.237378085276824,11.913466771661167
-3.1089676522521645,9.623185893835139,7.631871942682905,8.240822119925953
9.401212854786245,8.174840945855188,-7.305131579153044,11.905786430544484
-4.741535698539091,15.93848244812904,6.994005835271708,8.449750197747582
11.555297768151734,1.7257518866630397,-4.012552685272451,12.232149670550127
3.2909953084764503,6.157860707241596,6.619674234006102,7.392613684264739
-9.44895725120383,6.967149978168712,-1.7279059398555225,9.605646884622889
1.9204406937840557,5.4010251540418075,-4.723072842577932,5.09857916822314
1.407677439977717,8.907450611638412,-4.7955716343107495,4.997905868944321
-8.652855147528449,1.3452945317606964,2.8415320386312914,9.107480800456166
-4.872055262053738,6.3087474318514545,-9.316757448144696,10.513747753492337
-7.891856110193124,4.5767194000631175,4.192664331119523,8.93643256884057
0.1433528179079269,17.340595845697237,14.126291996187977,14.127019345635746
-2.2457331616082126,3.535934438683732,-10.549444274085223,10.785828291103856
-5.1300507883268125,2.223911808887024,6.779556566462759,8.501753250282018
9.801117482149397,17.983444672158733,-6.848089574027752,11.956514321189188
-8.912750659554945,11.60522865371597,-4.236822656241001,9.868525246450664
-4.790207389493829,3.4410202018477074,-9.369451338067645,10.522960857609366
1.1938546205784346,19.564075315449237,-4.809735548558334,4.955688136085867
4.474812042926577,10.175504829228649,5.616619693219109,7.181250559462289
-9.034999875757139,15.222367817087145,-3.871752443586341,9.829633245414007
-6.019549503405018,13.863718880397348,6.17886872271228,8.626319894164352
-7.72499008525328,7.284131311607197,-6.549950608969268,10.128046445252824
-9.472748906773843,12.594132759159919,-1.2882021682782459,9.559939156560663
11.508080129625222,16.303705315302302,-4.118134123722325,12.222722157148182
-8.989274285902539,3.928725464547704,-4.013958368421217,9.844740421697635
-8.700185661244454,18.44752565244276,2.7356186117560566,9.120133756097536
-3.880859375626837,14.48412168587912,7.379904870113046,8.338109221238888
-9.35517121281641,4.464704814111558,-2.515432617576057,9.687447015322169
1.002790794777981,2.4927725527249676,7.658408916526305,7.723782526121581
5.898028102389943,14.32898348285062,-1.3697446960539932,6.054992653087992
-6.877527646904168,3.23025854894925,-7.614992247623079,10.261018149544945
-7.797428014407668,6.637616963773354,-6.443720242846252,10.115404797037836
1.0525376181312363,11.12748780723543,14.022802685286813,14.062248418658676
7.954860713697612,5.808416777582115,10.916552405096487,13.507439631090254
-2.104624295353049,6.9609533681324525,7.838666190033619,8.116288010129168
12.092925930711948,4.294787351238956,-2.5489163269948096,12.358633905400149
-8.635985207603781,13.09865529798001,-4.928530605781243,9.943372387579263
-5.192669041269058,5.794173496423664,6.742446084732912,8.51025211011309
12.53646249821261,2.1257375916637025,2.320337701393886,12.749386613386582
2.8785301487996113,3.7446670220592866,-4.4358823699750385,5.2880041809555784
6.2174603591084745,8.809805005952843,-0.3483721285645966,6.227212575225445
-9.153668549411957,0.6184786765961805,1.4495254642755238,9.267727444421139
-4.281769912823217,8.168246293480065,7.21468751892292,8.389592933036758
0.8640329833828121,3.036974730888792,14.049199630875467,14.075743790811368
-9.182349397112684,12.669218032700252,-3.351000766263175,9.774699309244866
8.644716231648122,10.18258712865706,10.288784255455123,13.438385326408145
-9.397773940382523,8.986133145641093,0.22786492087375423,9.400536019647904
-9.130212344701985,13.90153982290183,-3.548217313274408,9.795438916228756
-1.7915679792317463,13.215292781261757,7.8764505926826125,8.077635159078355
10.30586309886286,2.40103533285901,-6.196061138832014,12.025056667169908
-6.483125258493291,13.573957746359635,5.794728803073189,8.695389296545597
4.172088134187297,15.433459445181548,-3.676505422286805,5.560846295262145
4.538054283790443,19.71762433966296,-3.3590536245377334,5.645987773202212
-8.924169307027968,3.5800603269521822,2.175953256078498,9.18561758365428
9.359356536433308,6.711178074238266,-7.350334473985883,11.90062904453131
9.693316115306896,20.552941413365815,9.139185692209258,13.322353111517154
1.8807880537695503,8.974156499106192,-4.730636548332207,5.090804048047686
1.8271723320357303,6.729533435939585,-11.00944673834615,11.160039256895002
-7.3632779197114155,11.162127248093187,4.889126566065164,8.838632264208858
7.034258431203617,12.694498751044463,-9.279376096817172,11.644209394507687
-7.608586115981153,5.54073714140948,4.583619462000203,8.882575643175137
-0.12387650206369574,11.967328449133634,7.868748157058346,7.869723181089196
6.133811250853451,20.189966270694004,2.6852282864839205,6.695826417375957
6.2981631804544405,8.940029311439057,0.09926807866641821,6.298945435473633
1.5789897795681707,5.463546147403152,13.935166317098995,14.024338451748486
-9.394222769754732,19.881524911852694,-2.249587241994769,9.659816986212727
6.360930764339781,19.59095139781853,1.0186726027105926,6.4419821530517645
-5.489442121023708,3.312673521448247,6.556389822746397,8.551036329468014
6.353822678795828,7.375547146933028,1.2907754665789408,6.483607324530247
1.866499145708463,15.809770524841152,7.373480977189148,7.606052904227044
4.361370849182671,10.376039233435176,-3.5193502824935923,5.604228947409991
-6.5168490659374205,12.19965466449233,-7.9910254558373905,10.311440713307263
10.224108840435912,11.051851271982937,8.4379095549722,13.256346375942766
4.604283563140689,5.322128767440734,13.005984179597776,13.796921816468888
5.330874727018555,7.237904968076,-10.165578385750344,11.478554319773885
-8.073918813709772,19.87212177142367,-6.008969382041708,10.064585338934304
-4.281544892906872,7.292864552185771,7.214787187528108,8.389563804590598
7.350187804287489,1.7732168121304128,11.400465031570938,13.564507499145272
5.661014134927761,4.8376757843971046,-1.8747825183603801,5.963379119844855
5.344493088091425,2.7233018934640016,-2.4043807596726317,5.860431145072942
-2.501056277663878,18.265964167752895,7.772815613076943,8.165289037072391
7.419685650710849,3.465119539799625,-9.025289409798617,11.683646009957146
-9.359145352015158,2.8761547098699656,0.4931879858039171,9.372130820122404
0.7551670392789397,3.6931670104644647,-11.038080444375774,11.063882553322962
-6.364763484202793,1.2829158017938829,-8.138643589493865,10.331879484713847
2.9678905365678383,17.26796737533232,-4.398309636175097,5.305987362661133
8.263098921404245,13.553999108666742,-8.386750371188384,11.773546006770454
-9.018950218011128,3.298078717134935,-3.922520908721897,9.835020758205008
-8.128237154832023,13.996442807117953,3.8282014611034367,8.984618281929748
2.677028568660421,12.942598396538195,-4.51355167072569,5.247726235402789
-1.5308894272825746,19.40787028372922,-10.745556420734093,10.85405938945173
2.488074328734962,2.5140410460612728,-4.577778283936657,5.210236835518321
11.660410798729428,6.580186359056084,5.812435419265766,13.028798313668881
0.49303512836622976,5.098053681963657,7.77503722210635,7.79065385208086
10.826593573988758,6.066501287372377,-5.40988683537416,12.102975005670684
5.898303374898254,6.127766747846536,3.3946656718156905,6.805419731782898
1.8425689858735228,10.415159126232432,-11.00827754445566,11.161417247082456
10.23770031429411,12.998894593677415,-6.289721808580324,12.01545289011732
-6.822227933965596,15.911507579731806,-7.675180852051869,10.268943231641908
-7.689939168525065,17.46035296975306,4.475861265144823,8.897668148477992
-9.47453376713158,19.908708777761102,-1.2233767051210958,9.55319007803935
7.983088399354442,3.26184420660664,10.892534187422156,13.504702936979692
-6.3823335146268265,13.390524274923528,5.882978500350233,8.68007011074864
3.9159185271267716,5.85165514292919,-3.8677323164201147,5.503977760000054
5.728875393574713,18.618301957547143,12.451217024733866,13.70594099914808
3.6328273873423824,15.154955885460549,6.373227933278215,7.335902747156793
-7.877921444905858,17.409819649471245,-6.322149574781609,10.10105051655613
0.8593050767745306,10.938495736532886,-11.039862059523593,11.073254242013906
-6.697936860021228,18.271927272521904,5.59709302214568,8.728677361398054
10.889255721664545,9.29366140382013,7.395078331945928,13.162943200797464
-5.150156529219235,19.378266713875288,-9.129468698440235,10.481951678540574
11.621955779492907,5.576720015163425,-3.858731091032414,12.245801801980496
5.095771984267188,7.219007031593895,4.86534033723507,7.045454471697977
2.2767074085063586,8.849875445722427,-10.966436333330028,11.20027332152786
12.595205924716945,11.966961290438176,1.5170759766928672,12.68624183141262
-9.371223648080056,11.702907978352021,0.4157573111459856,9.380441716897248
6.142749025551745,18.60941137501313,2.6518698976327535,6.690723394737497
6.1239317821591275,11.364361031043824,-0.7201396461938119,6.16612857330747
12.599260834894816,1.6990114036963697,0.5870188235499872,12.612928473788964
0.20327486254032465,17.967696275009175,7.8253713610474,7.828011088906403
5.701547352644758,6.545762581757781,-10.002811255135073,11.513638661183847
6.360541139925484,17.619810980174037,1.0649239638331416,6.449073316487468
12.5885643525437,11.873365685108606,1.6588345384270546,12.697388884491666
0.29528999365931735,18.36759465531316,-4.7651380425835965,4.774278662293682
-8.198872403777328,9.373223413156921,3.7112569279745258,8.999718699985035
7.8823220571186505,9.28269091158993,10.977663999519981,13.51444071719197
2.200102196862879,8.121450418449443,7.231356408891531,7.558635140622775
3.600825446864485,9.632705511379267,6.397596088439809,7.341333639714733
3.9354971703018142,15.219422618530343,-3.8539294426942905,5.508258356932753
5.548421694191815,2.0578735963831707,4.1430361789404895,6.924574505093305
-7.170305141251579,1.778754575256566,-7.279322726630379,10.217720644894161
4.715651532894238,17.14333109304402,5.349864273315731,7.131508754996227
-7.214575083670365,0.9669749086266107,5.061510640615655,8.813000828490983
7.492799436534461,3.523026322637402,-8.974567578793652,11.691232040399562
11.479225848410003,9.554515585017391,-4.181360465741616,12.217053712874938
-0.5862058662578501,14.58021197075106,7.906288356419697,7.92799047000517
-2.025316473509058,1.0730314031382049,7.849417795445767,8.10649533061778
9.235933444470037,11.814733982991164,-7.480934381588061,11.885573011525633
-8.269458309145701,1.7730996029892976,-5.668354892366099,10.025676431668318
-6.60726134945299,8.053625592423998,-7.900313557357,10.299070678684275
-3.936067266453278,13.74095703662281,-9.859060484837013,10.615728857206161
6.154999084575857,11.08175410738569,-0.6071027152093894,6.184867616848743
10.156311203864275,11.26921933539403,8.533057130686782,13.26513178469417
-8.744729259983677,9.565802661726376,2.6324738289361114,9.132371449434599
5.995713602771128,1.1909430813068087,12.30010327165611,13.683607788147835
-5.14975900278288,9.208093531770322,-9.129745776672626,10.481997697644042
-7.350132061587268,7.062340037402904,4.904734892987954,8.83633779873012
1.5780780447024076,15.718654930009256,-4.777534661535076,5.031418066245425
5.116528803017509,11.876318935510058,-2.7199692085502347,5.794575004913577
-8.959107215841724,11.252730945702137,2.077777790520443,9.19688874846963
-8.471488202044798,2.7080637131240857,3.2172411750275725,9.061829458540753
5.393469169101409,9.253019121989475,-2.330289860428468,5.875351947897519
-8.4737903234764,18.885911752159615,3.2127379039281014,9.06238419432649
-6.988918365469519,20.768143041033106,5.306759326292788,8.775344692169796
-3.8354628253021152,7.563296240202846,-9.909966352641726,10.626297953415651
5.512022818144888,14.351753680473799,-10.087986240401502,11.495645346577108
5.569451359683712,20.28325853172746,-2.0415372196993355,5.931834679700745
-1.3589548562517921,12.91287045369002,7.908247688205493,8.024159756593699
-6.324445861935933,4.383793901217705,5.932430639892678,8.671352187386693
0.4697060839408232,9.075457717665925,-4.787205030567889,4.810192907772569
-0.05587971520557794,19.294568565712773,7.860891476528517,7.861090086516636
-1.1390815137867285,6.450671975251588,7.915366749855265,7.99690799495436
8.266579808132503,7.733846851443825,-8.383857329646968,11.773929057374994
-8.919949131199077,0.0007740938433946631,2.187576644103237,9.18427918113366
-8.213371427585372,2.185107223076498,-5.769271179883538,10.037129079299048
-9.431921411489265,14.746993742271636,-1.9224420923822223,9.625846721773238
1.3479308680367739,19.412982895287847,13.976169265489633,14.04101937049527
3.9593451653716523,11.57034813589815,6.107791276691368,7.278841145277114
5.970412695453031,6.616244190154968,-1.1860605997982534,6.0870820185389745
-8.068313209052437,0.48241813160145774,3.9243467136927577,8.972077528011068
-7.893970534252818,11.909455635977945,4.189570848079793,8.936849259483555
0.20279222036018216,9.11518285865471,-4.7507233946308505,4.755049679754301
2.7788168651230043,6.875655039064784,-4.475522860364609,5.2680288575081144
-9.390646000635249,3.6753502724859697,0.2811041488328467,9.394852412451078
0.5142003568476041,16.61880607275522,-11.030179264449567,11.042158150147795
8.308812859458767,14.272665820422171,10.605401544606721,13.472598600710036
6.2667261970616055,2.5043259171787406,2.0844184955771836,6.604290854712749
0.30704670053910854,9.255858687755243,7.8086460885578175,7.814680506115478
-8.057913967687782,12.044590509090025,3.9407586082078865,8.969925078774203
-4.336425338368486,19.835906279703185,7.19024269093728,8.396676406163406
2.1648620808383385,2.9111231716951007,-4.669077652949587,5.146543884814831
3.029159270114165,10.920252742319692,6.789199308905768,7.434314570944999
-8.445558192533824,3.0232559377962054,3.2675384444873576,9.05562039120888
6.263541573479676,16.361926469237844,2.1027234331540017,6.607071883901613
-3.4104000133363988,5.411026892429494,-10.110557392127715,10.670248311565823
1.9529210033620967,1.0747475052299205,7.338477337969834,7.593888996111915
-0.4093646303791985,2.614518662189268,-10.950559735341647,10.958208700234325
-6.207883052616142,6.697488297245204,-8.284724720407242,10.352510598298636
0.2734400188792912,1.6976126472183948,-4.761904071900257,4.769748403627276
4.444784654488501,16.422045161414744,-10.493710090215714,11.39623016976542
-6.535881525443344,7.954086144109086,-7.972117451692302,10.308850759333389
-9.181734625905063,17.0716880102129,1.3434176694278437,9.279494693951548
3.7237844947775285,2.7094996413100736,13.355854392712558,13.865259374526135
1.8418655047862065,18.92063708830077,7.38323145515466,7.6095055856544676
0.32017743719780667,0.1715399831759259,-11.019970125652632,11.024620408955904
1.334850716642699,2.0287096510777793,7.56236369678969,7.679268918213775
-6.13054367843137,15.599323805121458,6.091805304661357,8.642549257195766
0.7652531304483722,15.945468538513548,14.061993478762389,14.082800607493418
-8.98516349646111,16.686694359098123,2.002156815046867,9.205530672925699
6.3610029777528405,8.671697586068394,0.9916567144064757,6.4378367424320375
-0.27937349536865747,18.30013711022349,-10.966546779187441,10.970104731041584
5.75437773358417,8.796703006036509,3.7318078311353324,6.858516806809785
-7.8472638490498525,10.939321053345969,4.257260358769211,8.927699349717846
-8.682332718437435,12.812187917451539,2.7759979517898463,9.115320403693476
-2.9003754116090437,16.170319202341943,-10.321894362070537,10.72164543108985
6.758830870053232,19.583332002173776,11.822137049335563,13.617808896561042
6.012075381812164,13.35108046618305,3.0846861866974846,6.7572434666063455
-6.841995155261275,16.165099135955632,5.456784992787456,8.751537017126143
6.197141481611551,19.340622406390906,2.431516250829993,6.657088990028671
4.443758919235824,7.595027805979764,5.6491050628479895,7.18744609325056
-3.5674585682045215,11.226393161141054,7.492400280245743,8.298362645442916
-8.91161723812346,7.753477006699135,2.2103819412408363,9.181650729851512
4.743606669762262,11.543461701288662,5.3170733184645105,7.125522641276233
4.74796579993392,0.7949918446144945,-3.1493595316144827,5.6975121497644166
12.532727053563995,17.50229254626875,-0.3577597177818061,12.53783232519889
4.065435035404438,9.157930895829056,-10.609250456152806,11.361512103081719
-8.576490362131507,5.106499339380214,-5.059763202692318,9.957780405243623
-2.6115246439465927,9.802059335345325,7.750837690837687,8.178969731919203
7.87459693291612,2.7871952952880408,10.984120931172116,13.51518366454949
5.5070357117758295,14.585547540376599,12.570926960990052,13.724272184320773
3.15932081962797,14.258021248949946,6.706897869036294,7.413756609642532
12.151933569997391,3.4783179550206915,4.361621811033049,12.91097340683919
11.885079076771218,12.675709171130425,5.217955630620377,12.980068013081745
6.327032591099497,19.0332994799067,1.646609504736487,6.537787413943938
12.573169880863665,16.897116765951946,0.0894944189631499,12.573488382468994
-8.461179204365548,10.272322878564225,-5.300698192529593,9.9844356303536
-8.27019852665328,9.06810038212874,3.5889090093090195,9.015345337110361
-7.997917165260425,3.0075781794579792,-6.133474767267002,10.078997554472783
0.8598798122500801,19.23207263866415,7.694799217409701,7.742695156582375
4.120962871158026,20.29046528723049,5.964120145659187,7.249349218883083
-5.151226580490382,14.068630600645944,-9.128722730207702,10.481827797124001
11.33736876415244,14.537652512955596,-4.479165498323608,12.190112963207191
9.287898705733783,8.38801593433923,9.616052669430829,13.369126048820059
0.7449893067314985,20.58879739497638,7.721948572100732,7.757802447685351
-8.296178834834421,18.590392492679083,3.5432130080205897,9.021138602181043
1.1028901336748413,11.852342541253565,-11.040190335627997,11.095141697781562
-9.476564558870633,18.98035877799529,-0.8769537487671257,9.517054361298966
-8.39318803962436,13.788875780122645,3.3668247627317647,9.043291129419488
9.083503460750984,0.9979228588505358,-7.636896107569328,11.867275057033215
-6.594412990850599,4.499044584584394,5.694009935741652,8.712521554763798
8.987921046472996,20.356503043568733,-7.7318190944574425,11.855958470197546
9.519461413283565,4.158897676579572,9.349267844327523,13.342749147906938
-1.2941322239036228,2.340643340525109,7.910979581485966,8.01613224389628
-8.454375369429552,17.979204541241664,3.250522390300829,9.057723703948145
-8.836449425424101,20.82349686391075,-4.443308149271688,9.890693896661757
4.665511667861423,6.68007410018065,5.407679218056221,7.142128089606642
-9.433053324538877,1.6496817247233295,-1.9108025582949137,9.624638249845047
6.136143370476955,11.294157092212501,2.676590910738301,6.694504788742418
-6.303874235871874,6.597299368424158,5.949792833725581,8.668267713098246
-9.454215244421226,12.970470630424995,-1.6563836705191703,9.598218207136638
10.359313437283722,11.077658782545933,-6.121262052182468,12.032673186095275
1.0959549803222657,20.1988388527748,-4.813075598828905,4.936275320414715
1.669981717229423,6.899288694516753,-11.020153539070543,11.145968910802216
5.584973329863487,8.29656636816935,-2.01415351351843,5.937065055337114
3.1576923564023844,9.298282347616471,6.70795126505286,7.414015861326863
12.56116963200374,8.852138620895108,2.059464166594949,12.728879572745655
1.7978571461213146,12.779352717642384,-11.011613426161656,11.157415496658853
12.605594987793356,5.131723463181112,1.0889792340735744,12.652545228866975
5.697898546043021,16.141838683561982,-1.8037885008796728,5.976596087816619
-5.0806941924402675,2.509103785926921,6.808296995631994,8.495078661073592
8.988046756613157,17.36807347456025,-7.731695664790279,11.855973277297865
0.7645621825393487,18.32869171947637,-4.809644367547764,4.870034319514932
-7.990852240325525,7.164451513414053,4.0447375733610995,8.956205757131448
-6.834092078684951,19.80438795633301,5.464652488337663,8.75027093056206
-9.303710074985663,16.671201571803064,-2.8062912670676785,9.71773079659084
7.554208261935341,6.879359308511772,-8.931322089880737,11.69763124473856
1.7766771137339454,4.430394748336229,-4.748923122427008,5.070389766989108
-0.8333927312256332,3.1038761201976905,-10.887325926283953,10.919176217535572
3.4185672616150184,10.472175768123346,-4.177762250219989,5.398175575279966
-3.494898766427292,19.33286900554798,-10.072504491836298,10.661597634765505
5.678762937279221,0.4690662350732854,-1.8409141038102952,5.969699593398632
-9.429904776084568,15.812738822583126,-0.049574651476055005,9.430035086471921
1.329709340522159,3.5252700361482106,7.563975831335701,7.6799646683629
4.501370338942225,4.834568936573614,5.588507628569159,7.17591474607137
-4.589980798889429,3.4827638449594502,7.070580250531331,8.429770389125515
-3.4449864565794646,13.467514652967704,7.532528519250804,8.282929287356174
0.9260314051604965,3.5620109657399093,7.678318217069512,7.7339579004494885
2.41054832323331,20.99011152577848,7.131655127718222,7.528030823485816
3.3302631185438853,4.900348375633162,-10.792749337932927,11.294870105945675
9.868217732803267,16.190086951285632,8.918630355511137,13.30126642994033
10.255874093520804,1.6581074547382983,8.39271048489782,13.252190109769215
-0.28347734185557266,6.668201192992154,-10.966066239047636,10.969729630329358
10.739090350708093,1.7535421576116896,7.650187939211684,13.18534933423956
-5.916851211807563,13.310292928957027,6.256843547358201,8.611458612731445
12.328209584380533,15.594495063448761,-1.6272297588195337,12.435136840598092
-4.19946206193621,15.05181152722231,7.25061621277797,8.37895680109644
1.8469330979867997,13.536469678909242,13.882585343169763,14.00490405818016
11.47081864385847,18.156030527228964,-4.1996046104173566,12.215414820796296
3.390091993943594,19.965592951122257,13.470583396089783,13.890620603789099
5.962292732084589,5.639246010949695,-1.2075779868917957,6.0833526297177904
1.9400428006386385,20.353396498684475,7.343772487959755,7.595706709926629
10.836172908046123,14.141631417684662,7.486769626859472,13.170966659237214
-1.017408281930972,18.726481762852675,-10.854539057383214,10.902116205599691
2.460541389318893,3.355264725451505,-4.586458566678668,5.204792609932839
5.18992060011173,9.729677029824284,12.73306048888224,13.750131099338585
7.461254294263993,3.7362369110636715,-8.996553185866077,11.687954691467192
-2.375192938008059,16.734618435780096,7.795920070988015,8.149718476487218
2.4210230581293035,4.033544322584619,13.75140443857382,13.96289642879376
5.786936442204048,14.278650695671356,3.6598155469266085,6.847107653866336
